10.42.9.40,drweb1,10.42.9.230,drdb1,10.42.9.231,
10.42.9.40,drweb2,10.42.9.232,drdb2,10.42.9.233,
10.42.9.40,drweb3,10.42.9.234,drdb3,10.42.9.235,
10.42.9.40,drweb4,10.42.9.236,drdb4,10.42.9.237,
10.42.9.40,drweb5,10.42.9.238,drdb5,10.42.9.239,
10.42.9.40,drweb6,10.42.9.240,drdb6,10.42.9.241,
10.42.9.40,drweb7,10.42.9.242,drdb7,10.42.9.243,
10.42.9.40,drweb8,10.42.9.244,drdb8,10.42.9.245,
10.42.9.40,drweb9,10.42.9.246,drdb9,10.42.9.247,
10.42.9.40,drweb10,10.42.9.248,drdb10,10.42.9.249,
10.42.9.40,drweb11,10.42.9.250,drdb11,10.42.49.251,
10.42.9.40,drweb12,10.42.9.252,drdb12,10.42.9.253,
10.42.41.40,drweb1,10.42.41.230,drdb1,10.42.41.231,
10.42.41.40,drweb2,10.42.41.232,drdb2,10.42.41.233,
10.42.41.40,drweb3,10.42.41.234,drdb3,10.42.41.235,
10.42.41.40,drweb4,10.42.41.236,drdb4,10.42.41.237,
10.42.41.40,drweb5,10.42.41.238,drdb5,10.42.41.239,
10.42.41.40,drweb6,10.42.41.240,drdb6,10.42.41.241,
10.42.41.40,drweb7,10.42.41.242,drdb7,10.42.41.243,
10.42.41.40,drweb8,10.42.41.244,drdb8,10.42.41.245,
10.42.41.40,drweb9,10.42.41.246,drdb9,10.42.41.247,
10.42.41.40,drweb10,10.42.41.248,drdb10,10.42.41.249,
10.42.41.40,drweb11,10.42.41.250,drdb11,10.42.41.251,
10.42.41.40,drweb12,10.42.41.252,drdb12,10.42.41.253,
10.42.43.40,drweb1,10.42.43.230,drdb1,10.42.43.231,
10.42.43.40,drweb2,10.42.43.232,drdb2,10.42.43.233,
10.42.43.40,drweb3,10.42.43.234,drdb3,10.42.43.235,
10.42.43.40,drweb4,10.42.43.236,drdb4,10.42.43.237,
10.42.43.40,drweb5,10.42.43.238,drdb5,10.42.43.239,
10.42.43.40,drweb6,10.42.43.240,drdb6,10.42.43.241,
10.42.43.40,drweb7,10.42.43.242,drdb7,10.42.43.243,
10.42.43.40,drweb8,10.42.43.244,drdb8,10.42.43.245,
10.42.43.40,drweb9,10.42.43.246,drdb9,10.42.43.247,
10.42.43.40,drweb10,10.42.43.248,drdb10,10.42.43.249,
10.42.43.40,drweb11,10.42.43.250,drdb11,10.42.43.251,
10.42.43.40,drweb12,10.42.43.252,drdb12,10.42.43.253,
10.42.58.40,drweb1,10.42.58.230,drdb1,10.42.58.231,
10.42.58.40,drweb2,10.42.58.232,drdb2,10.42.58.233,
10.42.58.40,drweb3,10.42.58.234,drdb3,10.42.58.235,
10.42.58.40,drweb4,10.42.58.236,drdb4,10.42.58.237,
10.42.58.40,drweb5,10.42.58.238,drdb5,10.42.58.239,
10.42.58.40,drweb6,10.42.58.240,drdb6,10.42.58.241,
10.42.58.40,drweb7,10.42.58.242,drdb7,10.42.58.243,
10.42.58.40,drweb8,10.42.58.244,drdb8,10.42.58.245,
10.42.58.40,drweb9,10.42.58.246,drdb9,10.42.58.247,
10.42.58.40,drweb10,10.42.58.248,drdb10,10.42.58.249,
10.42.58.40,drweb11,10.42.58.250,drdb11,10.42.58.251,
10.42.58.40,drweb12,10.42.58.252,drdb12,10.42.58.253,
10.42.59.40,drweb1,10.42.59.230,drdb1,10.42.59.231,
10.42.59.40,drweb2,10.42.59.232,drdb2,10.42.59.233,
10.42.59.40,drweb3,10.42.59.234,drdb3,10.42.59.235,
10.42.59.40,drweb4,10.42.59.236,drdb4,10.42.59.237,
10.42.59.40,drweb5,10.42.59.238,drdb5,10.42.59.239,
10.42.59.40,drweb6,10.42.59.240,drdb6,10.42.59.241,
10.42.59.40,drweb7,10.42.59.242,drdb7,10.42.59.243,
10.42.59.40,drweb8,10.42.59.244,drdb8,10.42.59.245,
10.42.59.40,drweb9,10.42.59.246,drdb9,10.42.59.247,
10.42.59.40,drweb10,10.42.59.248,drdb10,10.42.59.249,
10.42.59.40,drweb11,10.42.59.250,drdb11,10.42.59.251,
10.42.59.40,drweb12,10.42.59.252,drdb12,10.42.59.253,
10.42.64.40,drweb1,10.42.64.230,drdb1,10.42.64.231,
10.42.64.40,drweb2,10.42.64.232,drdb2,10.42.64.233,
10.42.64.40,drweb3,10.42.64.234,drdb3,10.42.64.235,
10.42.64.40,drweb4,10.42.64.236,drdb4,10.42.64.237,
10.42.64.40,drweb5,10.42.64.238,drdb5,10.42.64.239,
10.42.64.40,drweb6,10.42.64.240,drdb6,10.42.64.241,
10.42.64.40,drweb7,10.42.64.242,drdb7,10.42.64.243,
10.42.64.40,drweb8,10.42.64.244,drdb8,10.42.64.245,
10.42.64.40,drweb9,10.42.64.246,drdb9,10.42.64.247,
10.42.64.40,drweb10,10.42.64.248,drdb10,10.42.64.249,
10.42.64.40,drweb11,10.42.64.250,drdb11,10.42.64.251,
10.42.64.40,drweb12,10.42.64.252,drdb12,10.42.64.253,